,var_insee,label,quantile,Fisca_1a,Fisca_1b,Fisca_1c,Fisca_1d,Ecolo_0a,Ecolo_0b,Ecolo_0c,Ecolo_0d,Ecolo_2a,Ecolo_2b,Ecolo_4a,Ecolo_4b,Ecolo_8a,Ecolo_8b,Ecolo_10a,Ecolo_10b,Ecolo_10c,Ecolo_12a,Ecolo_12b,Ecolo_12c,Ecolo_12d,Ecolo_12e,Cit_1a,Cit_1b,Cit_4a,Cit_4b,Cit_4c,Cit_7a,Cit_7b,Cit_10a,Cit_10b,Cit_13a,Cit_13b,Cit_13c,Cit_17a,Cit_17b,Cit_17c,Etat_1a,Etat_1b,Etat_3a,Etat_3b,Etat_6a,Etat_6b,Etat_7a,Etat_7b,Etat_11a,Etat_11b,Etat_12a,Etat_12b,Etat_15a,Etat_15b,Etat_17a,Etat_17b,Count_pourmil_CP,perc_ecolo,perc_etat,perc_cit,perc_fisca
0,quantile_rev,Revenu médian,0.0,0.2917118851538916,0.3442493368120836,0.06126555653099163,0.838349270405142,0.27983762113036376,0.44972696395124273,0.008131008089304148,0.2630500032405936,0.6986671332739968,0.30133286672600335,0.9302831574173038,0.0697168425826962,0.6204691011183753,0.37953089888162483,0.4371706877060842,0.32689401993913625,0.2359352923547797,0.7558985151411327,0.25848042480819694,0.17284743200881778,0.26042627183280687,0.4752026333990132,0.5982381098705112,0.40176189012948865,0.7671501740530347,0.13318588118806207,0.09966394475890344,0.7309463744469151,0.269053625553085,0.831675414559219,0.16832458544078055,0.5669065985439686,0.23267864642853572,0.2004147550274958,0.8806089509753932,0.1193910490246068,0.0,0.470484007542501,0.5295159924574988,0.6914664953638912,0.3085335046361087,0.3499323402617048,0.6500676597382952,0.647477622532914,0.35252237746708615,0.7679616283946362,0.23203837160536384,0.06339649890316466,0.9366035010968352,0.6746714765486305,0.3253285234513694,0.9054906745496258,0.09450932545037419,1.5322744061970963,0.2648135198039021,0.2122348768706487,0.20739035813716877,0.35143210386601714
1,quantile_rev,Revenu médian,1.0,0.28075175625935606,0.373521579954562,0.05691823905484517,0.8391554349055143,0.34045717971272055,0.3826264524711415,0.009048534225268856,0.26858738406735116,0.680742919168888,0.3192570808311118,0.9407246769529968,0.059275323047003385,0.6174711291280573,0.3825288708719426,0.427221930295766,0.36419445542107853,0.20858361428315564,0.7507247790266848,0.2657565179164746,0.18479451093064336,0.31914220042846236,0.45908919546548677,0.6089215535878865,0.3910784464121134,0.7501454847156686,0.1544495754689654,0.0954049398153662,0.7328393048216725,0.2671606951783276,0.8199142344391139,0.1800857655608859,0.5198740027515899,0.2646271711935446,0.21549882605486526,0.8640883404621887,0.13591165953781145,0.0,0.4863671332168294,0.5136328667831707,0.690669326638742,0.30933067336125786,0.31873863521520024,0.6812613647847999,0.6575846395987519,0.342415360401248,0.7899500423242154,0.21004995767578477,0.07229787260461498,0.927702127395385,0.7030400885862196,0.2969599114137804,0.893244276484005,0.10675572351599485,2.066140402410669,0.26396434522646006,0.2300786480627132,0.20944013264600003,0.3449240996837907
2,quantile_rev,Revenu médian,2.0,0.2772967795435674,0.36754879063744056,0.07068295997314808,0.8411130452501595,0.28852459237932065,0.4032731139306761,0.007803987971381963,0.3005596504244733,0.6516250695691831,0.3483749304308167,0.9421288715019258,0.05787112849807394,0.6167416966637522,0.38325830333624783,0.40585531760882193,0.3911075441266896,0.2030371382644884,0.7289903212661544,0.26330055579940204,0.17711378657632348,0.2865000736842938,0.4293147224157799,0.6098759204469597,0.39012407955304024,0.7835193634964397,0.13183326095551864,0.0846473755480416,0.6982758477711011,0.3017241522288989,0.8342051269527346,0.16579487304726537,0.5310736831703747,0.2542004002696712,0.21472591655995382,0.8571821458138889,0.142817854186111,0.0,0.5130255482162951,0.4869744517837049,0.6968510100388572,0.3031489899611427,0.3307623189194349,0.6692376810805649,0.7108177294715593,0.2891822705284406,0.8113747856911121,0.18862521430888796,0.09898289073548934,0.9010171092645108,0.7149931593280378,0.28500684067196197,0.8894941807023823,0.11050581929761788,2.3218799194611512,0.2656959310513831,0.22145544039052306,0.20065728224212423,0.3395493087834533
3,quantile_rev,Revenu médian,3.0,0.3149582465194721,0.3883248270672444,0.0657182486000315,0.8422851723690296,0.30188734445182847,0.4058958410924646,0.008593034661683104,0.28652811212678275,0.6323225965546666,0.3676774034453333,0.9293903660095663,0.07060963399043382,0.5938112239401294,0.4061887760598709,0.40629214807428893,0.36893458529445694,0.22477326663125421,0.7433538996500029,0.2638988865145164,0.17965491019708293,0.26577750177958304,0.4439875028449028,0.5885225848709804,0.4114774151290198,0.7531647540535064,0.14789115824853533,0.09894408769795816,0.7509239296780784,0.24907607032192147,0.8154044753268498,0.18459552467315057,0.5381992087223744,0.25728348995376005,0.20451730132386553,0.8684993045789088,0.13150069542109116,0.0,0.5076460701195734,0.4923539298804265,0.6952170827073877,0.304782917292612,0.315002269775252,0.6849977302247479,0.6715941968540946,0.3284058031459055,0.8025734121224848,0.1974265878775151,0.08513486815489656,0.9148651318451033,0.6951070343237564,0.30489296567624363,0.8906445655114538,0.10935543448854622,2.7063562629877205,0.25681737095221663,0.21453881798376878,0.19609173168880406,0.34599666786443567
4,quantile_rev,Revenu médian,4.0,0.2522609681809158,0.3598246804785648,0.0759989198894751,0.8567291104341829,0.2709726638266607,0.4351872490784864,0.012122333386382219,0.2822631155985914,0.6377624936498715,0.3622375063501281,0.9397758727098174,0.06022412729018256,0.5918680776268977,0.40813192237310203,0.33668930136008485,0.5048214605565419,0.1584892380833734,0.7207892905471841,0.28365029637257305,0.17055477799377713,0.3071349826134062,0.37394511265896213,0.5906348898158683,0.40936511018413124,0.776197667937327,0.1240549857225653,0.09974734634010772,0.7245247621849916,0.2754752378150083,0.8338280026483338,0.16617199735166646,0.5218680111573835,0.26545918334113583,0.21267280550148057,0.8572874713572086,0.14271252864279138,0.0,0.4852780272886881,0.5147219727113119,0.60554334206938,0.39445665793061996,0.3092836981735317,0.690716301826468,0.5897148729513538,0.4102851270486462,0.7848572394120641,0.21514276058793544,0.08446053854505109,0.9155394614549488,0.7044608833069217,0.2955391166930783,0.8994909670367329,0.10050903296326671,3.003015438139176,0.269916700674699,0.22054062679964995,0.19321121696987714,0.3366429654054163
5,quantile_rev,Revenu médian,5.0,0.295690751495162,0.36155483225079943,0.07710330771300496,0.8401836247076158,0.27139716985622964,0.42103898925267436,0.009571428446564082,0.3038389620126226,0.6694489737023963,0.33055102629760397,0.9426126446581701,0.05738735534182987,0.6084608995095925,0.3915391004904078,0.434275369160906,0.3414240066688556,0.2243006241702387,0.7762207498468415,0.2704250430881335,0.18515951796989652,0.2642935059853902,0.4559585065834761,0.590877352120223,0.40912264787977753,0.7686094041744312,0.12925260914476625,0.10213798668080226,0.7259138348984515,0.2740861651015487,0.8432910508269541,0.1567089491730461,0.5229099785193019,0.2666196653339656,0.21047035614673293,0.879456266980575,0.12054373301942503,0.0,0.5164836014682768,0.4835163985317234,0.7294680578291611,0.27053194217083887,0.31302124055356056,0.6869787594464395,0.7080813853802176,0.2919186146197826,0.7989640770209293,0.20103592297907058,0.0755509396351343,0.9244490603648661,0.723692969084919,0.2763070309150812,0.8892501725696293,0.11074982743037087,2.578893475462767,0.26725396982934624,0.21034991714609652,0.1977400264346326,0.3360947131609782
6,quantile_rev,Revenu médian,6.0,0.2947506178051248,0.39030494384114267,0.07601464932704162,0.8275134177324514,0.2550039734162788,0.42785763006542354,0.017308954816270542,0.3052173006061404,0.6427263847228334,0.35727361527716694,0.9452827574477878,0.0547172425522122,0.5821029236995169,0.41789707630048273,0.39892331984696905,0.36485882413920445,0.23621785601382658,0.7536670485210926,0.2910491989965293,0.1795948482448801,0.2787442102911925,0.47488078925940624,0.6229485367709942,0.37705146322900546,0.7685592656969947,0.12719905738847662,0.10424167691452835,0.7183258377838602,0.28167416221613983,0.8303021143047012,0.16969788569529856,0.5391349361283261,0.24175455296415688,0.2191105109075166,0.8643178032100377,0.13568219678996232,0.0,0.5125424824606721,0.48745751753932764,0.733641714340936,0.26635828565906394,0.29661608671005024,0.7033839132899496,0.7096027621863659,0.29039723781363364,0.7807212368909324,0.21927876310906744,0.08308473757292531,0.9169152624270744,0.7133978655382244,0.2866021344617754,0.8989310961385947,0.10106890386140495,2.9711721038722763,0.2647415232221163,0.20551332199334438,0.19474917779963233,0.3454721569978933
7,quantile_rev,Revenu médian,7.0,0.29062749176428493,0.37578281679793485,0.057075826247974956,0.8510406069886906,0.30414076474584073,0.4121395641292814,0.008027893839241768,0.27801892805043193,0.6478919010861661,0.3521080989138342,0.933185200213456,0.06681479978654398,0.5979925794273181,0.40200742057268163,0.4197722360661028,0.4423607164894619,0.1378670474444356,0.7564791425070208,0.2636364272015022,0.1562562689921891,0.2805335362104334,0.4146792338275006,0.5828150198206548,0.4171849801793453,0.7620550709560483,0.13441405934311237,0.10353086970083926,0.7433926607166244,0.2566073392833757,0.836588488021375,0.16341151197862547,0.5417615184917575,0.24167320063481998,0.21656528087342278,0.8727607675020183,0.12723923249798155,0.0,0.5253981673403744,0.4746018326596255,0.6927583780721924,0.3072416219278075,0.3021861710788506,0.6978138289211497,0.6515615841083656,0.34843841589163427,0.8046443207420692,0.1953556792579307,0.08203787896645004,0.9179621210335501,0.7282332366861702,0.27176676331382943,0.9005126700125207,0.0994873299874792,3.987481089458783,0.2617811963829564,0.2111201056647654,0.19555614256594078,0.3465360970116107
8,quantile_rev,Revenu médian,8.0,0.3053864387202808,0.3890554787286428,0.05468750335180897,0.844138270779684,0.3046145331961431,0.42454844717983703,0.008111572172945343,0.26605989318304474,0.6539483598004192,0.34605164019958123,0.9448612638341801,0.05513873616582034,0.5907227410376527,0.40927725896234746,0.44919594937985075,0.3749257185231969,0.17587833209695256,0.7650189411519402,0.24773007680535597,0.17198434782018257,0.3027321620122012,0.44894747432060983,0.5883221940735507,0.41167780592644904,0.7487560439125194,0.13435549915126813,0.11688845693621257,0.7365407123314763,0.26345928766852394,0.8285727282856465,0.1714272717143539,0.5232247864977376,0.2712825929465935,0.20549262055566903,0.8775760524163112,0.12242394758368857,0.0,0.49816524948446844,0.5018347505155316,0.7045040121228011,0.2954959878771986,0.3055537926866998,0.6944462073133003,0.7176748708527259,0.28232512914727426,0.791333702116276,0.20866629788372396,0.1000312480585906,0.8999687519414094,0.7218464328343424,0.27815356716565837,0.8933287423469087,0.10667125765309127,4.32088045071021,0.2622872648372796,0.21006668514173762,0.19082692401989623,0.345316658435492
9,quantile_rev,Revenu médian,9.0,0.4194371235831081,0.4398911532719292,0.05430799823897475,0.8155878824991556,0.31682304223012336,0.42170562512317644,0.006523271691262014,0.2573955276235307,0.6330687259764285,0.3669312740235717,0.9451574350087543,0.05484256499124516,0.597440179557944,0.40255982044205657,0.4734114598012973,0.24635951161160438,0.28022902858709825,0.7678673941159353,0.21990316897454124,0.16147316603438827,0.2859109607386161,0.4833291434846719,0.5604744711316663,0.4395255288683336,0.7231820829241148,0.165740731261795,0.11107718581409,0.7384538775045366,0.2615461224954629,0.7858735605382868,0.21412643946171345,0.5055679734823884,0.29764089463821347,0.19679113187939826,0.8619378282923242,0.13806217170767565,0.0,0.53563135806894,0.4643686419310602,0.7714646437830345,0.22853535621696594,0.3037958522825262,0.696204147717474,0.7314655365750762,0.26853446342492365,0.8054251144294461,0.19457488557055377,0.08488805074704005,0.9151119492529594,0.7125862520114017,0.2874137479885983,0.9162006549531714,0.08379934504682833,6.240630005845166,0.2573824427167952,0.19613349920991124,0.19198561160629052,0.35930308160337704
0,quantile_ouv,% Ouvriers,0.0,0.41243372217085134,0.4392601599873616,0.06866970899263444,0.7998875430805371,0.30693488846525424,0.42552081260236424,0.010316907981995095,0.2614777065296576,0.6409798030434368,0.35902019695656356,0.947026731178631,0.05297326882136927,0.5928763883570425,0.4071236116429575,0.48319273548429925,0.1802209076451054,0.33658635687059535,0.7825284894974637,0.23120131127005156,0.18167308009281055,0.29064464729369077,0.5203395479834504,0.5935550970175018,0.4064449029824979,0.7326197240296193,0.16131229577107847,0.10606798019930189,0.7176819776796765,0.2823180223203232,0.7891455613619052,0.21085443863809514,0.5085056445320649,0.292629657163937,0.19886469830399833,0.8638777780461883,0.13612222195381185,0.0,0.531341101709817,0.4686588982901829,0.7877869405607637,0.21221305943923688,0.30506337934775823,0.6949366206522418,0.7466666498708697,0.2533333501291302,0.8060757752107762,0.1939242247892237,0.08740842953376714,0.9125915704662325,0.7154026617150239,0.2845973382849763,0.9152131194891976,0.08478688051080228,5.37622980223262,0.25663846031828264,0.18972407617446527,0.1974530930322041,0.3596049322346231
1,quantile_ouv,% Ouvriers,1.0,0.3380603575493807,0.3846070681851822,0.07821907501239979,0.8270579084123313,0.29972518422597033,0.4136390116171379,0.005938900062138556,0.28484379743502597,0.658796425582364,0.3412035744176358,0.9432810240192866,0.05671897598071352,0.6115146804051338,0.38848531959486626,0.5005384555939716,0.2157870955013554,0.28367444890467314,0.7858270134369647,0.25839874178124383,0.18447786374943698,0.2613906067519359,0.5179340051912333,0.6034654037842729,0.3965345962157273,0.7630401575731695,0.12683691270216824,0.11012292972466227,0.7310735945723967,0.26892640542760327,0.8320252161709345,0.16797478382906578,0.5186119986907181,0.27226626896738226,0.20912173234189993,0.8741305098841682,0.12586949011583196,0.0,0.5130428224449809,0.48695717755501894,0.7745087092970531,0.22549129070294655,0.29770052798636376,0.7022994720136363,0.722936390282649,0.27706360971735094,0.7818864336496132,0.21811356635038676,0.07256559711845578,0.9274344028815443,0.7093033220569587,0.29069667794304155,0.9005627786602787,0.09943722133972158,2.6370014720495276,0.26209993200082893,0.205060146858763,0.20140089658677307,0.3453396995301961
2,quantile_ouv,% Ouvriers,2.0,0.31633874036265197,0.39533041746508124,0.06793543910571637,0.8368531045991308,0.29465047133713224,0.4228351268982368,0.012098200505002325,0.2720918573666301,0.6711165343011661,0.3288834656988341,0.9421617513439889,0.05783824865601087,0.6024721754192818,0.39752782458071806,0.4668242412287649,0.3113452525935889,0.22183050617764646,0.7640003346111253,0.26195064971376975,0.18294363418471546,0.26971249279594456,0.48883532747198793,0.608940836855834,0.3910591631441655,0.7710551738621313,0.1282546637948647,0.10069016234300414,0.7282270015347114,0.27177299846528846,0.821002214446912,0.17899778555308807,0.5262876504290432,0.25556367178282646,0.2181486777881301,0.8761256472814275,0.12387435271857235,0.0,0.5154913824496867,0.48450861755031305,0.730508176746862,0.26949182325313803,0.31486890954022595,0.685131090459774,0.6843312631648549,0.31566873683514546,0.8106006133112289,0.18939938668877115,0.08327035916121932,0.9167296408387806,0.6958072539925326,0.3041927460074677,0.906774602500907,0.09322539749909337,3.2067278456786448,0.25804515081382534,0.20436842014721346,0.19643868701719275,0.34934443251407404
3,quantile_ouv,% Ouvriers,3.0,0.28198802068645956,0.3563727240270524,0.0723892214151639,0.8433063194721285,0.27462211435514156,0.4141739439458131,0.013779143873157677,0.3000184031679748,0.6587687497595026,0.3412312502404978,0.9293698342239036,0.07063016577609614,0.6009803052197478,0.39901969478025257,0.42466770204732557,0.3915279194420696,0.18380437851060505,0.7470130318441636,0.24869038569550428,0.16744899266329508,0.28458804610629573,0.45662085196948715,0.6016864225616293,0.3983135774383709,0.7805785851535411,0.12706867269402325,0.09235274215243576,0.731377424525259,0.26862257547474094,0.8356588041630642,0.16434119583693602,0.5305457589925995,0.24982589839682698,0.2196283426105735,0.8700238588930173,0.1299761411069831,0.0,0.47662632163518137,0.5233736783648185,0.6691810092256736,0.330818990774327,0.3076368623399928,0.6923631376600069,0.6497888465219104,0.35021115347808957,0.8024450677619109,0.1975549322380891,0.08867039401911213,0.9113296059808881,0.7027903003419151,0.2972096996580848,0.8872450639105552,0.11275493608944472,3.422316853475512,0.2611503681747604,0.20936818783682548,0.19991522116322888,0.33984853075146726
4,quantile_ouv,% Ouvriers,4.0,0.26296771159910354,0.3698912033409223,0.06818367486935192,0.8566066247658457,0.2849879433060461,0.4163527461386902,0.008196291548992351,0.2919640661060943,0.6543077116031338,0.3456922883968669,0.933520338877734,0.06647966112226589,0.5938221792293336,0.40617782077066644,0.3983225466598821,0.45561792809003376,0.14605952525008414,0.7321022818155921,0.26044674159612746,0.1606201667336055,0.27548766082712534,0.41333123799776816,0.5784361499106675,0.4215638500893322,0.7754116022320114,0.12826279901551585,0.09632559875247282,0.7217243339422456,0.27827566605775494,0.8368420968307166,0.16315790316928333,0.5526078852031112,0.2562490919372932,0.19114302285959553,0.8710965932230434,0.12890340677695641,0.0,0.4898650113644532,0.5101349886355467,0.6622269767994853,0.33777302320051494,0.32579215158529023,0.6742078484147099,0.6451537888987837,0.35484621110121645,0.7810050298672349,0.21899497013276525,0.07559862683685768,0.9244013731631424,0.7079528934341831,0.29204710656581667,0.8947237286786814,0.10527627132131838,2.8751057900242385,0.25945151448811926,0.22207479254563592,0.19519918162376182,0.33730302599617806
5,quantile_ouv,% Ouvriers,5.0,0.262927574805024,0.3615070268230761,0.05359879738520792,0.8544761691694549,0.29202975288874383,0.439463768141711,0.00859120475261246,0.2613934065660876,0.6495942770440292,0.35040572295597106,0.9366726102540137,0.0633273897459858,0.6095724633624524,0.39042753663754787,0.36059904993231506,0.4819148798937432,0.15748607017394178,0.7185482207008426,0.2766890925611536,0.1578958073031284,0.29237668894552643,0.38219384541161666,0.559722988955902,0.44027701104409805,0.752996607160427,0.14586055874088322,0.10114283409868981,0.7194415116298959,0.28055848837010416,0.8386212792402234,0.16137872075977674,0.5464613930638473,0.23450936308918618,0.21902924384696668,0.8704917308966874,0.12950826910331253,0.0,0.47600178815442146,0.5239982118455786,0.6511876836174302,0.34881231638256927,0.29581217361763135,0.7041878263823685,0.6872812771969171,0.3127187228030829,0.7930978071988976,0.20690219280110267,0.0871096753433824,0.9128903246566177,0.7206206726398932,0.2793793273601068,0.8870871159971714,0.1129128840028283,2.704616393478726,0.26597553849549316,0.2187673108800111,0.19167354982235593,0.34297147819291096
6,quantile_ouv,% Ouvriers,6.0,0.2606487707821911,0.3550188696505263,0.049678832555119096,0.84528111484515,0.30237949956600135,0.401347738706647,0.007893260730709643,0.2891454687194109,0.6536189510366035,0.34638104896339605,0.9436324817441113,0.05636751825588853,0.5970442091122842,0.40295579088771555,0.37852140473218354,0.46977072581946866,0.15170786944834802,0.7231850079845327,0.28330051265116024,0.17568482085635992,0.32294632220243613,0.3900025576481883,0.5866399191666106,0.41336008083338915,0.7452228494195259,0.15850113458229875,0.09627601599817558,0.7448524902176208,0.2551475097823788,0.8149814061706239,0.18501859382937605,0.5373850762006717,0.25758278411084895,0.20503213968847941,0.8519858259374966,0.1480141740625032,0.0,0.4890813359856696,0.5109186640143305,0.6555234253106041,0.34447657468939563,0.32473673238092976,0.6752632676190699,0.6067887105490968,0.39321128945090283,0.7802530239714572,0.21974697602854287,0.0817049838388463,0.9182950161611535,0.7139754569736516,0.2860245430263487,0.8905357297955686,0.10946427020443109,2.519669173716507,0.2659305258279325,0.21605082229974507,0.19516326253765434,0.3445995543860447
7,quantile_ouv,% Ouvriers,7.0,0.26742251766986713,0.35760200079705295,0.047526273240908544,0.8578873835376929,0.28957152174244455,0.4202750285866421,0.01095825752073483,0.2832903887983418,0.6571781513368193,0.3428218486631808,0.9295336654471666,0.07046633455283342,0.6003635534422478,0.3996364465577525,0.3249340029221093,0.5352902920044331,0.13977570507345732,0.7340085180920908,0.3010630578304597,0.17626394001466691,0.2864771082472882,0.36630062392514684,0.607823101156815,0.39217689884318524,0.75908445068318,0.14659392484545883,0.09432162447136133,0.739081494062071,0.2609185059379292,0.8278776142597024,0.17212238574029762,0.5539143422158924,0.2369694745415748,0.2091161832425332,0.8753524649576823,0.12464753504231753,0.0,0.515196609514855,0.48480339048514504,0.5980270010369924,0.40197299896300764,0.3465463999402378,0.653453600059762,0.6103310341302525,0.3896689658697473,0.8012779737182847,0.19872202628171515,0.08327284917685641,0.9167271508231435,0.7311266595761606,0.2688733404238394,0.8825070627961411,0.11749293720385846,2.381654038185806,0.26660781735289246,0.22719199182741248,0.19348989335120687,0.3460610425357696
8,quantile_ouv,% Ouvriers,8.0,0.22480441677875102,0.3372984591819871,0.061193796689845564,0.8604778448798477,0.26547251733606786,0.4247885670371726,0.01009597749448945,0.299938818656329,0.643698278640508,0.3563017213594917,0.9343280987949008,0.06567190120509937,0.5978903682573451,0.4021096317426552,0.281173795619067,0.5985586348867551,0.1202675694941783,0.71976135683397,0.2685762979642935,0.15959185594473255,0.2906099908325896,0.3375249413330473,0.5823003789864789,0.41769962101352115,0.7689837517519503,0.1319451319929352,0.09907111625511433,0.7560274757746064,0.24397252422539378,0.8569201429943899,0.1430798570056101,0.5421764045326247,0.2459589538686903,0.2118646415986851,0.8466902635725307,0.15330973642746903,0.0,0.5307246532168822,0.46927534678311766,0.603012029895569,0.3969879701044305,0.36819040378132445,0.6318095962186753,0.6925083796161171,0.30749162038388295,0.7904149280705357,0.20958507192946432,0.10268080293635805,0.8973191970636419,0.6812506122199817,0.31874938778001843,0.8844324449979952,0.11556755500200473,2.225704363799791,0.2747363852971274,0.23539608555538308,0.20116700774394877,0.34342140982274866
9,quantile_ouv,% Ouvriers,9.0,0.24126736009566532,0.35927531864509427,0.05173472734311496,0.8718157853040058,0.26840340543340796,0.4129468581179999,0.012444991494629513,0.3078918084769793,0.6568470923494953,0.3431529076505044,0.9399554806475557,0.06004451935244395,0.6007646611905897,0.39923533880941037,0.2382740048210309,0.662559230132647,0.09916676504632202,0.7258674697835205,0.2974468177511065,0.1725680317361853,0.29042636188677046,0.3315922283306929,0.6000792663330412,0.39992073366695885,0.7420046115327814,0.14004900099310796,0.11794638747411025,0.755867146353137,0.24413285364686313,0.8401624191073405,0.15983758089265968,0.5686235752281632,0.21107622362045128,0.22030020115138532,0.8818101862467568,0.11818981375324338,0.0,0.5214732514722323,0.47852674852776766,0.5230392233814228,0.4769607766185773,0.3895363841029137,0.6104636158970861,0.6273211627143819,0.37267883728561807,0.7794981439540671,0.22050185604593273,0.09490671193432897,0.9050932880656708,0.6874681386670544,0.312531861332946,0.8774278951003075,0.12257210489969261,2.0571765594844553,0.28754775409449224,0.2619766217495234,0.20921702649421076,0.32683799864929325
0,quantile_CSP+,% Cadre et prof. Int. Sup.,0.0,0.2263426204603888,0.3186086583159247,0.0410594741152115,0.8935125947564688,0.25207342624448054,0.42983993165999385,0.008755143625989144,0.31179163681889277,0.6850391177398493,0.3149608822601506,0.9125826465689483,0.08741735343105188,0.5940566219448611,0.4059433780551389,0.24166561391095256,0.6292858620248245,0.129048524064223,0.7305448577141777,0.22128493915701425,0.15478635376381703,0.30483182930168223,0.3477344961110333,0.5520956515295136,0.4479043484704865,0.7693855377393591,0.15249497182048236,0.07811949044015852,0.7646148796230398,0.23538512037696027,0.8416954115125148,0.15830458848748535,0.5061559099498121,0.27229161995205475,0.22155247009813314,0.8568934392082496,0.14310656079175038,0.0,0.3738051293824072,0.6261948706175927,0.6408541469110836,0.3591458530889164,0.46204677400057365,0.5379532259994262,0.5927378238963532,0.40726217610364673,0.8118827659672714,0.1881172340327285,0.10351199223391372,0.8964880077660862,0.5898528601799805,0.41014713982001944,0.8163577724572579,0.18364222754274184,1.7281621999875645,0.2837533508544271,0.25956620657661783,0.21548253131166534,0.36709374015826274
1,quantile_CSP+,% Cadre et prof. Int. Sup.,1.0,0.24671789869558966,0.3520835051891603,0.05896831634840293,0.8424476053385371,0.2842641736124977,0.4027638934334918,0.015650601313482088,0.2989006888587206,0.6491103857008437,0.350889614299156,0.9299076931740534,0.07009230682594687,0.5885517041399418,0.4114482958600579,0.2826721707300708,0.5953859997718148,0.12194182949811429,0.7073215171181445,0.29832633835715655,0.170210397882617,0.2817637876637018,0.3578953784565688,0.5859432513576026,0.41405674864239755,0.7684865048936879,0.1341312596781113,0.09738223542820093,0.752478896146582,0.247521103853418,0.8311735648390097,0.16882643516099022,0.5907114164245365,0.24192798159796786,0.1673606019774953,0.8915295118593212,0.10847048814067878,0.0,0.5283285932934964,0.4716714067065034,0.5853197958174418,0.4146802041825582,0.43082200330723747,0.5691779966927625,0.6092224968527015,0.3907775031472985,0.7940260377384095,0.2059739622615902,0.09371347748840425,0.9062865225115958,0.6756386647547397,0.32436133524526045,0.8976446718802876,0.1023553281197123,2.178915386963634,0.2715242763885993,0.23887853501752404,0.21244933683961975,0.3453512868146838
2,quantile_CSP+,% Cadre et prof. Int. Sup.,2.0,0.26315010189947047,0.35041941229021784,0.060042401485401964,0.8581469673586835,0.2433769931038473,0.440117140675782,0.009504468555074919,0.3082136922674493,0.6391627828969229,0.36083721710307726,0.9269287920517578,0.0730712079482423,0.5939364400290414,0.40606355997095867,0.27475082017707014,0.5884828280052786,0.13676635181765132,0.697591792916509,0.29503796274381905,0.17557911876259497,0.30681687784799677,0.333071850210165,0.567407739021595,0.4325922609784048,0.7554139801704233,0.14967232426256732,0.09491369556700925,0.7377332509287942,0.26226674907120584,0.8304433472636289,0.16955665273637088,0.5716645338453489,0.24886864169226647,0.17946682446238446,0.8847028981514331,0.11529710184856655,0.0,0.5358494995200226,0.46415050047997747,0.5510968436514778,0.4489031563485224,0.37993210074451167,0.6200678992554886,0.641546104961562,0.3584538950384383,0.778623061627522,0.22137693837247802,0.0848606419539055,0.9151393580460946,0.7043205759478216,0.29567942405217834,0.9109166609968438,0.08908333900315608,2.340241408772827,0.27640082487122264,0.24422414777444829,0.1999642466156957,0.3333169231092899
3,quantile_CSP+,% Cadre et prof. Int. Sup.,3.0,0.2519498287881899,0.3662807038544741,0.03829823846477492,0.8660667134211487,0.281882082880862,0.4341713900049047,0.012018327176345116,0.27303527533756183,0.6507657212951482,0.3492342787048517,0.9353537678728978,0.06464623212710201,0.5910249785983199,0.40897502140168007,0.2969466446050686,0.5716238017394735,0.13142955365545794,0.7166844937521732,0.3028998682911746,0.16629472058639558,0.28691833875870326,0.3687499108982425,0.6052531390154031,0.39474686098459666,0.7612872478315439,0.15163042455289735,0.08708232761555905,0.7434451533815987,0.2565548466184015,0.8418684421706931,0.15813155782930688,0.5519457100109558,0.24033100606925456,0.20772328391978967,0.8685053923867916,0.13149460761320833,0.0,0.5113855996608045,0.48861440033919545,0.589502847513887,0.41049715248611307,0.35806380582281017,0.6419361941771898,0.6409590984147755,0.3590409015852247,0.8046488120163972,0.19535118798360301,0.07528347832114993,0.9247165216788501,0.6957981451593355,0.3042018548406643,0.8901105951643994,0.10988940483560049,2.688067099135292,0.2662643986098876,0.22782426020169044,0.20117350397608552,0.3380546382360502
4,quantile_CSP+,% Cadre et prof. Int. Sup.,4.0,0.26049129205917276,0.37609331097082854,0.05939989129892788,0.8485742371517507,0.26900268966303337,0.42557451844260064,0.012904057098090586,0.2964694885690378,0.652670204830781,0.3473297951692195,0.9278834252938365,0.07211657470616312,0.5960363811253182,0.40396361887468174,0.3096767103201808,0.5583930563303993,0.13193023334942022,0.7440380675395212,0.2648435129551885,0.1650957719970466,0.2944121075340209,0.3685333613164325,0.5912566059013026,0.4087433940986976,0.7613965071426305,0.13054530334254416,0.1080581895148253,0.7347966926054658,0.2652033073945342,0.835518268268756,0.16448173173124442,0.5397880680639235,0.24254585270273427,0.2176660792333422,0.8709447502383303,0.12905524976166952,0.0,0.4894708648126366,0.5105291351873634,0.6053776143606854,0.3946223856393146,0.338941410420434,0.6610585895795658,0.5801401343927232,0.4198598656072767,0.776760640119917,0.223239359880083,0.08500215772335258,0.9149978422766472,0.6931096224014774,0.30689037759852295,0.8770116889249643,0.12298831107503552,2.776968312036814,0.26496832387875435,0.22918526046789164,0.19544993956510964,0.3344742357057251
5,quantile_CSP+,% Cadre et prof. Int. Sup.,5.0,0.28761311450957966,0.37329507065856926,0.05599725601671109,0.8464888808916915,0.2881626430175588,0.432671658364263,0.012590850338827432,0.2682061133916772,0.669308890083348,0.3306911099166519,0.9421108293502714,0.05788917064972813,0.6177985674936813,0.3822014325063189,0.38818259486865153,0.47253838029192974,0.13927902483941865,0.7238586332941666,0.2668202462004757,0.1767891839545341,0.3108824848186278,0.4104844100808549,0.5775683713610562,0.42243162863894396,0.7577658859924024,0.15051040018731554,0.0917237138202821,0.759565545699214,0.240434454300786,0.8316362278378071,0.16836377216219278,0.5545458861613879,0.23534703414585142,0.21010707969276082,0.8619958829676121,0.13800411703238763,0.0,0.5141113545096494,0.4858886454903505,0.6502877263806284,0.34971227361937174,0.31989838421721434,0.6801016157827857,0.6595214613455724,0.3404785386544275,0.8050058455644962,0.194994154435504,0.07891976011165976,0.9210802398883402,0.7126835791616376,0.2873164208383625,0.9088309468516625,0.0911690531483375,2.7175430317624243,0.26241568804049725,0.21830422236116018,0.1930153178843508,0.34311472173743546
6,quantile_CSP+,% Cadre et prof. Int. Sup.,6.0,0.26852839226113556,0.3865814623653587,0.05802991038491046,0.8475962467510146,0.30262938540406825,0.41206058201157797,0.011435940588972883,0.27617157172755036,0.659371779748533,0.340628220251467,0.9413016216416649,0.05869837835833531,0.5898512483796614,0.4101487516203387,0.4092341768915697,0.43934349975381204,0.15142232335461844,0.7418427505315733,0.2727680143698539,0.16442302316579246,0.2753771732314307,0.41931682129644776,0.5864985769653028,0.41350142303469745,0.7537379283058427,0.14281073150957993,0.10345134018457704,0.7408799037654109,0.25912009623458887,0.8378246400469793,0.1621753599530207,0.5291604818802726,0.2559067246608571,0.2149327934588703,0.8789441037970075,0.12105589620299244,0.0,0.4955515381884897,0.5044484618115103,0.6765585129866477,0.3234414870133524,0.29403999035661205,0.7059600096433879,0.6609438595992461,0.33905614040075377,0.801919786607321,0.19808021339267892,0.08789434904169663,0.9121056509583036,0.7087471441905313,0.29125285580946836,0.8948073242595981,0.10519267574040207,2.9411565387751017,0.25728816249626296,0.21383691597630758,0.1933698885361705,0.343940882068116
7,quantile_CSP+,% Cadre et prof. Int. Sup.,7.0,0.2991368255105523,0.3622802400711376,0.06896314790997761,0.8543291090318808,0.2857752365254432,0.40499162820164175,0.009074542539593548,0.3008678160382279,0.6314717234630133,0.36852827653698716,0.93996968933211,0.06003031066789007,0.5987305303415483,0.4012694696584519,0.4349544915556194,0.36736820462121217,0.19767730382316856,0.7542816312830679,0.25056932658678316,0.16674431182647975,0.2861118986541128,0.4380597173873417,0.5914111285389965,0.408588871461003,0.7737538157783816,0.13109472517503143,0.09515145904658696,0.728191636584595,0.27180836341540504,0.8242115659065352,0.17578843409346484,0.543405003128648,0.2460072169694824,0.21058777990186958,0.8510828949776474,0.1489171050223527,0.0,0.5020277769000953,0.49797222309990496,0.7091870571672232,0.29081294283277703,0.306315965819113,0.6936840341808869,0.6762668223155053,0.3237331776844948,0.7879820927659739,0.2120179072340261,0.07378200622222848,0.9262179937777714,0.7381411178783766,0.2618588821216235,0.9018723105107624,0.09812768948923715,3.095791415525078,0.25617001988050514,0.20452952602068322,0.19551845453927486,0.35064367254003237
8,quantile_CSP+,% Cadre et prof. Int. Sup.,8.0,0.3068124083925761,0.37931611295504836,0.06967594355429203,0.8346083822521752,0.30680799933608144,0.4179030117302994,0.007774718241895581,0.2706283310060005,0.6693737925931702,0.33062620740682985,0.9376893732729337,0.06231062672706651,0.6087667197835461,0.3912332802164538,0.4907391575320747,0.29266138490658367,0.2165994575613417,0.755754867801461,0.27109382531261167,0.17869978076739035,0.27347324313669696,0.4872568928183829,0.6052879932091265,0.3947120067908736,0.7631986413355794,0.13162193270389905,0.10517942596052136,0.7306410215027892,0.26935897849721085,0.8267745142715689,0.17322548572843122,0.5321946260368658,0.2589284029615145,0.20887697100161942,0.8770057215798578,0.12299427842014267,0.0,0.48840505512262655,0.5115949448773734,0.7320176345740403,0.2679823654259598,0.30620752452117894,0.6937924754788207,0.6920648711584442,0.30793512884155555,0.7872219052876375,0.2127780947123627,0.08508077095655159,0.9149192290434479,0.6965816139058081,0.303418386094192,0.8888618578681066,0.11113814213189327,3.570928962283269,0.26086312023732944,0.20396671690376336,0.19448225118224538,0.3440697011897611
9,quantile_CSP+,% Cadre et prof. Int. Sup.,9.0,0.3770794485349199,0.4075813914934353,0.07952353935117723,0.807568768083737,0.30434777017015946,0.4182398390111519,0.006942729897076948,0.2746858319730462,0.6543453676872655,0.34565463231273436,0.9469238005980725,0.05307619940192771,0.6057327999214155,0.3942672000785846,0.5038872502627948,0.1572535060918873,0.3388592436453177,0.7931016208808427,0.2424477193972376,0.18534818397304095,0.26973204159610775,0.5369667570523913,0.6042077698431666,0.3957922301568332,0.7514420023856139,0.13766426032757775,0.11089373728680815,0.7077677941958621,0.2922322058041379,0.8098899614543126,0.19011003854568753,0.5019455740326951,0.28535704057983213,0.21269738538747246,0.8670643967238065,0.13293560327619353,0.0,0.5226539785139617,0.4773460214860384,0.7868936545619379,0.21310634543806173,0.2952348651529018,0.7047651348470978,0.7418204134280698,0.2581795865719298,0.7964798492208827,0.20352015077911742,0.08297238351863824,0.9170276164813619,0.7133318326362623,0.28666816736373807,0.9054767589475072,0.0945232410524931,3.818817055183589,0.2634299793169293,0.19565715646222656,0.1995098558521821,0.34892401104698395
0,quantile_retired,% Retraités,0.0,0.3295412500308821,0.3674954498293609,0.08087886196255063,0.8158656326044933,0.3040961110061899,0.41176937924564333,0.007069455791496402,0.28055584304716524,0.672940443971534,0.3270595560284656,0.9411090519534244,0.05889094804657544,0.6101925005595867,0.3898074994404136,0.4843390563552705,0.18418349065042142,0.3314774529943081,0.7942984213811874,0.25392972661385965,0.19078465667186173,0.2695526745674807,0.5259209189156342,0.6112751700113432,0.38872482998865676,0.7643037706194233,0.12453954179861762,0.11115668758195876,0.7018650779139524,0.2981349220860478,0.8278966831729857,0.17210331682701435,0.5209009287017791,0.26541113230329594,0.21368793899492486,0.8666482256534398,0.13335177434656056,0.0,0.5017801387250485,0.49821986127495144,0.7605226085826859,0.2394773914173141,0.30872192638090895,0.6912780736190909,0.7144427901461755,0.2855572098538245,0.7800266063119625,0.2199733936880375,0.0730201765220261,0.926979823477974,0.6987662659998853,0.30123373400011516,0.9037902833305798,0.09620971666942071,2.335927768997555,0.2658781904580573,0.19874454548877812,0.1992928679629131,0.3490970723833644
1,quantile_retired,% Retraités,1.0,0.3090728700478098,0.3861629188801194,0.06796945344770289,0.833795375805713,0.30366504779577297,0.42619340879663375,0.00865750372791062,0.26378397949749294,0.6650323238322536,0.3349676761677469,0.939231335644568,0.06076866435543184,0.603486261117779,0.3965137388822212,0.46060231491539105,0.3222008598279279,0.21719682525668116,0.7616256421064844,0.2444284971353712,0.16850834358728528,0.2750555833566629,0.4580937984974809,0.5744374928924888,0.42556250710751126,0.7537183918703257,0.13960647674474977,0.10667513138492472,0.7409609787914742,0.2590390212085259,0.8208119313121724,0.179188068687828,0.5349149149397283,0.2585917410246601,0.20649334403561154,0.874028818963934,0.1259711810360664,0.0,0.4965330157691375,0.5034669842308624,0.7238771775935242,0.2761228224064758,0.31262460738487086,0.6873753926151294,0.7006388619897507,0.29936113801024883,0.8032736355432744,0.19672636445672537,0.09603195685639915,0.9039680431436006,0.7026811391949663,0.2973188608050343,0.8988438101528946,0.10115618984710506,3.803965755541811,0.25588226108995643,0.2050678123749493,0.20060323155262852,0.3509652392748766
2,quantile_retired,% Retraités,2.0,0.2840654226278098,0.39536185179316613,0.051579809387317446,0.8589806718801826,0.3016993659679841,0.41341078381409435,0.010396621911828741,0.2773332107577184,0.6437259557496673,0.3562740442503328,0.9366540854101659,0.0633459145898339,0.6013525194150685,0.3986474805849316,0.40571929549490615,0.434220264927402,0.16006043957769145,0.7491167915735901,0.26613681494314523,0.1570321109437382,0.2784561475391233,0.41805235571235044,0.6119774784590278,0.388022521540972,0.7477793499558506,0.1520127300291655,0.1002079200149842,0.7372705086664704,0.2627294913335296,0.8135043969431529,0.18649560305684693,0.5114687985711771,0.26979526135227744,0.21873594007654537,0.8654534951676287,0.13454650483237154,0.0,0.47783124417361234,0.5221687558263876,0.7066743266940398,0.2933256733059599,0.30801992667260253,0.691980073327397,0.6527670341662957,0.34723296583370455,0.8021130682634647,0.19788693173653532,0.08933056052780018,0.9106694394722,0.7023358009764137,0.2976641990235863,0.8795984931280654,0.1204015068719347,3.397062666653362,0.2674929688916075,0.21401877005117834,0.19520670295606185,0.3422245916125853
3,quantile_retired,% Retraités,3.0,0.29678286756960254,0.36868108638903435,0.06001308092821284,0.8503878275120386,0.31309713366255626,0.41959697070810376,0.006651459232802203,0.2635371236431433,0.6459680716003269,0.35403192839967335,0.9439091559374272,0.05609084406257307,0.6001237197981214,0.3998762802018782,0.40062064408599785,0.4583109261788998,0.141068429735102,0.7343272580849273,0.2738028664130916,0.16240254052546013,0.28806848062182994,0.38594406888437066,0.5870775974678655,0.41292240253213425,0.7549206531404078,0.14738889149173304,0.0976904553678593,0.7354119277844948,0.2645880722155045,0.8259015296206998,0.1740984703793002,0.5394125528464571,0.2509602683267314,0.20962717882681142,0.8725964927512564,0.12740350724874347,0.0,0.514206823004969,0.4857931769950311,0.6743074622575811,0.3256925377424189,0.30801601300341996,0.6919839869965795,0.6515184050580245,0.34848159494197556,0.7850764717067156,0.21492352829328418,0.08371313286158664,0.9162868671384136,0.7224001301663362,0.27759986983366364,0.8979837645296872,0.10201623547031276,3.138765573811272,0.2655700214906927,0.21857121733856294,0.19307112092511225,0.3423562976309807
4,quantile_retired,% Retraités,4.0,0.2812314853879338,0.36798438079189727,0.06490683057958145,0.8577309478426334,0.30291307769094405,0.4003769720112276,0.01148190570686597,0.2884121288929656,0.6509840102641914,0.3490159897358088,0.9396537873888186,0.06034621261118124,0.6094984090109712,0.3905015909890284,0.4399838086944668,0.42666906368241575,0.1333471276231178,0.7020820264768749,0.27200369075074865,0.16044117392450274,0.2908200550469779,0.4264606471355457,0.5968306452680068,0.40316935473199306,0.7730415719788057,0.14253993844342525,0.08441848957776905,0.7237548626096508,0.27624513739034906,0.8139942776022812,0.18600572239771923,0.5584785780807342,0.22510202213193314,0.2164193997873328,0.8473018919937633,0.1526981080062366,0.0,0.47909673428335925,0.5209032657166406,0.6865998429788832,0.3134001570211163,0.3335201948957905,0.6664798051042099,0.6896712193975517,0.31032878060244795,0.8101937582166167,0.18980624178338323,0.08040051581438645,0.9195994841856138,0.736963121987325,0.2630368780126749,0.8820861581827468,0.11791384181725306,3.0735934272814074,0.2613372955116972,0.2190255940654499,0.19719943934983078,0.34256467490888143
5,quantile_retired,% Retraités,5.0,0.29032504741267895,0.38251227032998153,0.047961230928102005,0.8589030310737489,0.2813003944323874,0.41257738378718956,0.010816062936845618,0.2969950079539326,0.629872562970024,0.3701274370299755,0.9349154037581016,0.06508459624189905,0.5932460128063769,0.4067539871936231,0.4006943141964504,0.4179804752838038,0.18132521051974596,0.7505559569248873,0.2660225536178647,0.17390887230685753,0.28763228859156365,0.42869014929926014,0.5757198337799609,0.42428016622003883,0.7590715179567183,0.1482926354194641,0.09263584662381773,0.7543586707347354,0.24564132926526472,0.8339644951828031,0.16603550481719717,0.5348528788464202,0.25947170366154726,0.20567541749203255,0.8752938455236065,0.12470615447639351,0.0,0.5240771533543118,0.47592284664568824,0.7098345313952148,0.2901654686047856,0.3104871673012595,0.6895128326987404,0.6813513549685174,0.3186486450314825,0.7916020262212192,0.2083979737787807,0.07707848550926547,0.9229215144907343,0.7118592968617212,0.28814070313827816,0.900329872017476,0.09967012798252393,3.0153486517606174,0.25830235355768816,0.2148287471499552,0.19425440018969714,0.3496951203841734
6,quantile_retired,% Retraités,6.0,0.2779163110632503,0.3735349005329092,0.05741891855325724,0.8482424312908552,0.25931321402460206,0.44747465569091277,0.01047769689906873,0.2834583832405126,0.642843912355068,0.3571560876449318,0.9409453574569075,0.059054642543092103,0.6029155581654706,0.3970844418345296,0.3364905282700124,0.517159524056984,0.1463499476730039,0.7217369207063455,0.2725052233313708,0.16964608143578433,0.2774780068958438,0.4244757648329615,0.5901803288173593,0.4098196711826413,0.7709288865331412,0.13405992795283364,0.0950111855140254,0.7489294280181955,0.2510705719818039,0.8292149357997399,0.17078506420026043,0.5286337515737084,0.2612950830000522,0.21007116542623955,0.8850630994293807,0.11493690057061941,0.0,0.5216307607855034,0.4783692392144966,0.6294190990214067,0.3705809009785936,0.2977333141868304,0.7022666858131698,0.6353110647728036,0.3646889352271963,0.7960221604705314,0.2039778395294686,0.09176629717161182,0.9082337028283884,0.7190724666343309,0.28092753336566934,0.8901278262382692,0.109872173761731,3.6579158743382734,0.26641066187859586,0.22612523035454876,0.19558040642360927,0.33613639284724567
7,quantile_retired,% Retraités,7.0,0.3079375977681596,0.4047186584837203,0.05796730259748103,0.832450782240656,0.2464017342240129,0.44268015095818514,0.014055922906432615,0.29810811456469416,0.6390196615181074,0.36098033848189276,0.9356052547699859,0.06439474523001391,0.5772410268036148,0.4227589731963858,0.30696577819708615,0.5430429862972052,0.14999123550570917,0.7224123522364898,0.2560356761930339,0.16666460627963173,0.28798171209955326,0.37704646300896816,0.5764173232503473,0.4235826767496529,0.7471519957233462,0.14267075711503965,0.11017724716161416,0.7656936316589981,0.234306368341002,0.8218089854527184,0.17819101454728134,0.5340817738771397,0.26828518208626373,0.19763304403659668,0.8683970797482343,0.1316029202517657,0.0,0.536037726992862,0.4639622730071381,0.621921301345615,0.3780786986543849,0.3249388404322727,0.6750611595677272,0.6535028478859352,0.3464971521140649,0.8076140400507034,0.1923859599492966,0.07654739130262202,0.9234526086973777,0.7069608258460637,0.2930391741539364,0.9066436785847735,0.09335632141522698,3.5245815050942797,0.26387625152282246,0.2280753240370871,0.20128850289792016,0.3378550031138749
8,quantile_retired,% Retraités,8.0,0.3162722007699566,0.4016570569020292,0.06338913616157836,0.8354621381888334,0.24304985072256877,0.44249537105414655,0.011904975652042876,0.30577530010900356,0.6671201593675711,0.3328798406324286,0.9361767146341299,0.06382328536587001,0.5830525521684736,0.41694744783152665,0.2867252128101256,0.5785419818653711,0.13473280532450355,0.7161738887170516,0.3008470419768195,0.1967043079927746,0.34365050761077265,0.37054276053889923,0.5810066901020311,0.4189933098979692,0.7625742347284424,0.14087651853658495,0.0965492467349725,0.734521061800588,0.2654789381994122,0.8395798746138801,0.1604201253861198,0.5645058855197218,0.2620346825294537,0.17345943195082472,0.8695849173401716,0.13041508265982862,0.0,0.566940150526038,0.43305984947396187,0.6044755614637229,0.39552443853627706,0.3648567061600216,0.635143293839978,0.6845832565233123,0.31541674347668786,0.8155672074485621,0.18443279255143813,0.10577395579890174,0.894226044201098,0.714989049592814,0.28501095040718616,0.9052942892027928,0.0947057107972074,3.7898051843089315,0.2615976297884248,0.23365214929049719,0.19888718612184125,0.33973750528710783
9,quantile_retired,% Retraités,9.0,0.30666288351023474,0.4121950454874632,0.056285418939325454,0.847060209472696,0.24600615165885836,0.4149556183153146,0.024796042807030426,0.316757355483931,0.6313317945630914,0.3686682054369085,0.9343760085733317,0.06562399142666811,0.5829161075949059,0.41708389240509436,0.31174950036947335,0.5388129227650543,0.14943757686547188,0.7218340284739092,0.2817480868876735,0.17396601423062608,0.331735413943544,0.3884988258809289,0.5869224080934384,0.4130775919065614,0.7349759340705679,0.17068323114966982,0.09434083477976286,0.7669858973264645,0.2330141026735354,0.846694063482655,0.1533059365173447,0.5285326060515282,0.2792112460310591,0.19225614791741258,0.8823941715730013,0.11760582842699858,0.0,0.5636903635243014,0.4363096364756989,0.5859789700770789,0.4140210299229212,0.36705332188538387,0.6329466781146161,0.6220284742222744,0.3779715257777257,0.8257541892349264,0.17424581076507362,0.10306354391416292,0.8969364560858372,0.6950548550491952,0.30494514495080555,0.9223025546976786,0.07769744530232153,4.597956537298418,0.2680184904786129,0.2433312764866043,0.20813831227791915,0.34221604807964895
0,quantile_emp,% Employés,0.0,0.4447855997123965,0.45384661716200736,0.05518829970386806,0.8023415186297119,0.29682155992601506,0.43316020424384893,0.006378738228134546,0.2645665440740497,0.614660789749592,0.3853392102504081,0.9424720077202198,0.05752799227978045,0.5862068526333026,0.41379314736669764,0.43313107383456373,0.25828088885981293,0.3085880373056233,0.7523212684620838,0.23352192576186498,0.1688204840821253,0.29164313081476917,0.4781110894904282,0.5588805549502577,0.4411194450497426,0.6943799025585212,0.19329380911796404,0.11232628832351463,0.7306346638528824,0.2693653361471178,0.7542846575153598,0.24571534248464016,0.49072525139824624,0.32696299632736997,0.1823117522743839,0.863801927695354,0.13619807230464587,0.0,0.5505363595102158,0.4494636404897842,0.7916677377432856,0.2083322622567144,0.32650837748933353,0.6734916225106663,0.7644654761820924,0.23553452381790788,0.8282704475978832,0.17172955240211718,0.09245593601115469,0.907544063988845,0.7099779459751404,0.29002205402486003,0.9181055422762454,0.0818944577237548,6.527421354410633,0.2599727105790233,0.20948405158557104,0.19968573345801444,0.35938514698243396
1,quantile_emp,% Employés,1.0,0.3603224328726665,0.4241529853859237,0.05671699092124907,0.8404738530730569,0.2891304917417483,0.42028076828681615,0.009770911511393986,0.2851416634644729,0.6565990718884848,0.34340092811151546,0.9476098309765312,0.052390169023468915,0.5922414915324474,0.4077585084675525,0.38833071073831343,0.40293529495492403,0.20873399430676265,0.7380589593971147,0.2645377814537935,0.18298415308582,0.306095133198578,0.4287192445381769,0.585940803577909,0.4140591964220911,0.7453977389415531,0.15033035482455728,0.10427190623388988,0.7486322610883224,0.25136773891167735,0.8031690695540259,0.19683093044597388,0.5085870760068874,0.2790140852728711,0.21239883872024182,0.8686669414629091,0.13133305853709093,0.0,0.528750680414122,0.47124931958587807,0.6951798080860733,0.3048201919139268,0.33956838317112187,0.6604316168288781,0.7164338831993107,0.28356611680068955,0.8189390348841221,0.18106096511587785,0.10789438404615741,0.8921056159538425,0.7105612537644196,0.2894387462355803,0.9052702488833455,0.09472975111665452,4.858896747618396,0.26794295461127426,0.21420784230133194,0.20010866543521447,0.34736220737601314
2,quantile_emp,% Employés,2.0,0.2924799830238628,0.3980214605100174,0.06331716614172417,0.8291172628262691,0.2756338066876472,0.4405974798612398,0.007732283077500489,0.2771943769880183,0.6752417159342228,0.3247582840657773,0.9398450247022615,0.06015497529773846,0.5909481366785229,0.4090518633214773,0.39213448541929674,0.4338609789925569,0.17400453558814666,0.7468220809405636,0.2741827080298529,0.18225162396680675,0.2877084329159792,0.4461833289277381,0.5993758173344902,0.40062418266550975,0.7538999807079247,0.13673300741234276,0.10936701187973259,0.7464853396845413,0.25351466031545855,0.8335939181321879,0.16640608186781208,0.541941593677849,0.26509914949691954,0.19295925682523185,0.8917401108862965,0.10825988911370382,0.0,0.48974660753822585,0.5102533924617744,0.6621702790452572,0.3378297209547432,0.32241488228358334,0.6775851177164166,0.6975196603082039,0.3024803396917962,0.7729169397270461,0.22708306027295366,0.07839424996074024,0.9216057500392599,0.7257311905244357,0.2742688094755641,0.9062715707568654,0.09372842924313476,3.499579401352492,0.2723823580991727,0.21991664488901203,0.19785834897424537,0.3341941639002128
3,quantile_emp,% Employés,3.0,0.3253524249101049,0.395237282248125,0.07581078805743101,0.8194918737098041,0.2840423190388702,0.4178755118149287,0.010497311412803682,0.29064022768011555,0.648769053958845,0.3512309460411547,0.9450060654499726,0.05499393455002743,0.6034901393146228,0.3965098606853769,0.4425850146454276,0.2781958066214032,0.27921917873316915,0.7748720253135265,0.25527670905507366,0.17778590884586606,0.2517526400645561,0.4980729550244736,0.6421636331496067,0.3578363668503933,0.7715023717081229,0.12476312303995767,0.10373450525191921,0.7050128992412528,0.29498710075874757,0.833699778558581,0.16630022144141876,0.5319426392483851,0.25441238535088145,0.21364497540073332,0.875285166496184,0.12471483350381617,0.0,0.5215315734236142,0.47846842657638583,0.7501306459755364,0.24986935402446384,0.28768448050672657,0.7123155194932735,0.7117184878958117,0.2882815121041884,0.7909948266286437,0.2090051733713565,0.08417975319518996,0.91582024680481,0.7091796728138744,0.2908203271861254,0.8933297704728861,0.10667022952711376,2.481864017132358,0.26980604745657394,0.2086799607682695,0.20609762535180243,0.3426453647433919
4,quantile_emp,% Employés,4.0,0.31464247144872404,0.3721239123794569,0.0757144295020368,0.8288076486242114,0.27895973609004215,0.4273770606674417,0.008526127508220635,0.29068475860489046,0.6706095699837417,0.32939043001625823,0.9448063021411716,0.055193697858828515,0.6190672955335208,0.3809327044664792,0.4267676813024508,0.3346371789374875,0.2385951397600616,0.7706918898270574,0.283124731097249,0.18421237193312798,0.2729589389475934,0.47727713664288246,0.595362379118375,0.4046376208816252,0.7603584216358198,0.1271122939310129,0.11252928443316759,0.7357715873091696,0.2642284126908303,0.8358619693977959,0.1641380306022042,0.530365690025955,0.2634758395256684,0.20615847044837654,0.8788170619924598,0.1211829380075407,0.0,0.5258272585366257,0.4741727414633743,0.7156858111613424,0.2843141888386578,0.3172987429589114,0.6827012570410887,0.7038289819511215,0.2961710180488785,0.762164739199688,0.23783526080031203,0.07421444707037639,0.9257855529296236,0.7207149406469151,0.27928505935308506,0.8979569985390888,0.10204300146091154,2.7245905728725055,0.26742506937614535,0.21226087119690368,0.19489266608169165,0.3377555489094701
5,quantile_emp,% Employés,5.0,0.27441178147410206,0.3656527219512039,0.06523899410411997,0.8522326040960131,0.2632381519621562,0.43656677713240966,0.014373632451050175,0.28834268750907566,0.635835299689235,0.3641647003107658,0.9344529587821085,0.06554704121789144,0.6006143893975944,0.3993856106024054,0.3700097018221543,0.46947599827021436,0.16051429990763186,0.7367270969987699,0.27560328728918077,0.17017244463860168,0.2878169758809403,0.42050438172381166,0.6023736838704734,0.3976263161295267,0.7555037278252426,0.13716128886844015,0.10733498330631669,0.7283463884658627,0.27165361153413714,0.8479790929029312,0.15202090709706892,0.5341576833999611,0.2521434573360192,0.2136988592640195,0.8578184964203647,0.1421815035796356,0.0,0.5031044593739273,0.4968955406260724,0.6669134068480036,0.3330865931519963,0.309957805237693,0.6900421947623067,0.6670002923268935,0.3329997076731067,0.804080032094371,0.1959199679056292,0.09456212489976196,0.905437875100238,0.7101950434086388,0.28980495659136146,0.8974422205324155,0.10255777946758453,3.4524157523568544,0.26103051850668235,0.21746528327995826,0.1935411149883322,0.34671682288257366
6,quantile_emp,% Employés,6.0,0.27589376020856865,0.3645375696561813,0.06830795018487106,0.8424088267440442,0.2991151309698417,0.4003123447132861,0.005869249158849325,0.2963511669448413,0.653646095659033,0.3463539043409674,0.9351436977992545,0.06485630220074583,0.6010539785560399,0.39894602144395996,0.43699352573474376,0.375715809778056,0.18729066448720025,0.7355525605587827,0.2673726895305285,0.17196753710440527,0.2991906275326885,0.4320381433956937,0.5935245131476183,0.4064754868523819,0.7671666794295463,0.14287184316473162,0.08996147740572231,0.7289848576334359,0.271015142366564,0.8075936546115672,0.19240634538843301,0.5289867325724085,0.25035418958222866,0.22065907784536284,0.8498388530338468,0.15016114696615326,0.0,0.4959627316864607,0.5040372683135393,0.6978088408010568,0.30219115919894307,0.32152220702364176,0.6784777929763579,0.6518932149173249,0.3481067850826751,0.790836577944509,0.20916342205549082,0.07963605846936088,0.9203639415306394,0.7061722097700013,0.29382779022999883,0.890052565074208,0.10994743492579183,2.989096717846345,0.2609766593013089,0.21069665910595084,0.19580344351579498,0.34332949102051796
7,quantile_emp,% Employés,7.0,0.2787228736249569,0.371322469699176,0.06193307325085296,0.85534449401468,0.29338230723020997,0.4232504844715767,0.008628359389534872,0.27539525997957087,0.6467406619847959,0.3532593380152047,0.9397078334536058,0.060292166546394264,0.61843774376521,0.3815622562347902,0.4256867467763995,0.39853119497147044,0.17578205825212964,0.7370675726811882,0.27249343180019897,0.16468466033860157,0.2883924494762663,0.42681775305047104,0.5755003460614987,0.42449965393850125,0.7681463200278614,0.142205293539946,0.0896483864321925,0.7254973979776932,0.27450260202230636,0.8349735700640314,0.16502642993596842,0.5266601711036761,0.26622998684230587,0.2071098420540182,0.8766734064560325,0.12332659354396751,0.0,0.5011090479782052,0.49889095202179473,0.6875815457515762,0.3124184542484238,0.31084261479792236,0.6891573852020775,0.6559846760844974,0.3440153239155024,0.8169661499756654,0.18303385002433434,0.08589598510611639,0.9141040148938836,0.7224553759671631,0.27754462403283675,0.8907148110484615,0.1092851889515386,2.80047469856422,0.2623629656127957,0.21573133482473342,0.19617978989662074,0.34198445010189255
8,quantile_emp,% Employés,8.0,0.3056289627726447,0.37122285481440015,0.04812257954254854,0.8583174626926617,0.3248329618288954,0.40598700991006703,0.011265169559329645,0.2621802291769177,0.6582776300365432,0.3417223699634574,0.9364790359865063,0.06352096401349389,0.5901705493280206,0.4098294506719794,0.42866402316119046,0.3899518784705339,0.18138409836827593,0.7580863176355819,0.25911096218205,0.17623156773019794,0.2848904127796927,0.42664297101370363,0.5734973240702415,0.42650267592975816,0.764066940609039,0.14445571216863623,0.09147734722232435,0.7584586066165848,0.2415413933834151,0.8277694005821835,0.17223059941781674,0.5472405706758843,0.24402772389779165,0.20873170542632416,0.8716523694149159,0.12834763058508408,0.0,0.5129003801128664,0.4870996198871336,0.7161024749109537,0.2838975250890463,0.30632920835631194,0.6936707916436883,0.6912730729810597,0.3087269270189401,0.8169559807884461,0.18304401921155392,0.0860048972437324,0.9139951027562676,0.6949099820245759,0.30509001797542395,0.907934105117979,0.09206589488202116,2.5966580623315765,0.25418183450212034,0.20996883512239545,0.19583328489594956,0.3558332142625896
9,quantile_emp,% Employés,9.0,0.2621407185775998,0.34099139602645084,0.06775813717130888,0.8448886013882868,0.3114065658623822,0.40366805297605507,0.011681701483928875,0.27404408519828105,0.6702936190094517,0.3297063809905484,0.92903297603256,0.07096702396743988,0.5915750428358196,0.40842495716418065,0.432991329011244,0.33661448651198855,0.23039418447676757,0.7620404613263357,0.2242458105087846,0.1651293685579718,0.28348917544374574,0.4446913794581598,0.5809952314996166,0.41900476850038343,0.7654594781634211,0.12766631268327394,0.10687420915330545,0.7148517099339016,0.2851482900660986,0.8286929221655176,0.17130707783448212,0.5470303750113028,0.2388496643067457,0.2141199606819513,0.8552948908102038,0.14470510918979604,0.0,0.44965639950251046,0.5503436004974895,0.6856678787044806,0.31433212129551935,0.3327498974279579,0.6672501025720421,0.6323395979310288,0.3676604020689712,0.7728382584779349,0.22716174152206547,0.06326329761100587,0.9367367023889942,0.6808490717669891,0.3191509282330112,0.88964634943194,0.11035365056806032,2.331216937347719,0.25705680376591405,0.21079155802467184,0.19872298229662716,0.3521623687814822
0,CP_TUU,Type d'agglomération,Commune Rurale,0.2603041033813806,0.36506429484267244,0.05729142068317695,0.8553864655996419,0.2421241947870673,0.40312955505711534,0.015717066517179003,0.3414126871677301,0.648706202169293,0.351293797830707,0.9410221031707764,0.05897789682922336,0.5805017411405025,0.4194982588594972,0.20358885954055556,0.7074187861900374,0.08899235426940721,0.7076562584707706,0.33086851055046795,0.20086135468142105,0.33799636875622974,0.277377205587536,0.5864927936732218,0.4135072063267778,0.7595770544039362,0.14575018602786513,0.09467275956819833,0.7559663660665547,0.24403363393344474,0.8447470587147393,0.15525294128526082,0.5511846719398008,0.25124369701111876,0.19757163104908051,0.8695777352082129,0.13042226479178726,0.0,0.51745502400488,0.4825449759951203,0.5167348565595163,0.48326514344048344,0.40263959523960113,0.5973604047603991,0.6275297042945078,0.3724702957054923,0.7843346813305689,0.21566531866943098,0.09479354544648162,0.9052064545535183,0.7307888721357798,0.2692111278642205,0.8923804615306872,0.10761953846931274,3.330323241700124,0.2929986226210702,0.26288138170900627,0.21083282459972294,0.3424159449966212
1,CP_TUU,Type d'agglomération,Unité urbaine < 5 000 hab.,0.23469306781979382,0.3597166353187405,0.060387623451513536,0.8600387895585346,0.25234017798031244,0.4437389785267647,0.007070678589119523,0.3009039687923457,0.6545996554365879,0.3454003445634123,0.9415273775588286,0.058472622441171254,0.5843509610733177,0.4156490389266826,0.2477179603704558,0.6521344624087558,0.10014757722078871,0.7194846224117208,0.2929292322824216,0.16858969631643522,0.3107100781234494,0.34878695917603864,0.5962031227927354,0.40379687720726437,0.7820010422855119,0.1258743847895298,0.09212457292495849,0.7600182225207955,0.23998177747920432,0.833480078148038,0.16651992185196168,0.5442502224049599,0.25881484003479793,0.19693493756024233,0.8736886216776669,0.12631137832233286,0.0,0.5199587085014761,0.4800412914985239,0.5300124252285482,0.46998757477145175,0.3640596509300933,0.6359403490699068,0.6225415164582162,0.37745848354178374,0.792252718313728,0.20774728168627216,0.08794366257697507,0.9120563374230249,0.712350113113438,0.28764988688656223,0.909390342527571,0.09060965747242901,3.088420068252247,0.2776873507002032,0.2332311860872028,0.19400619580275752,0.3335136487149826
2,CP_TUU,Type d'agglomération,Petite Agglomération (<19 999 hab.),0.27796182822504595,0.37051166318042594,0.056663481324370164,0.8567758760721955,0.2659203143406431,0.4247887565396748,0.01426014378230302,0.2971872153157196,0.6485882260723587,0.35141177392764056,0.9392866444623125,0.06071335553768795,0.5854384127786405,0.41456158722135966,0.3021937030805153,0.5773802624590685,0.12042603446041678,0.7323197855235936,0.2771611985263338,0.17072656175251663,0.2860028297351793,0.3570105203784376,0.5826889040430487,0.4173110959569517,0.7538945893235071,0.13636511663313286,0.1097402940433604,0.7502408201817861,0.24975917981821366,0.845348930131596,0.15465106986840416,0.5367645307133103,0.2511177197341781,0.21211774955251222,0.8707309176101445,0.12926908238985566,0.0,0.5184056131368743,0.4815943868631259,0.6102130364202932,0.3897869635797066,0.32085932690217,0.67914067309783,0.6348476690787599,0.36515233092124105,0.7913052591518867,0.2086947408481135,0.09518424432721229,0.9048157556727878,0.7080981779291265,0.2919018220708729,0.8908709466128834,0.10912905338711629,3.4105441247440265,0.26692256814895987,0.22243396324221185,0.19063039674450416,0.33494069640288915
3,CP_TUU,Type d'agglomération,Agglomération moyenne (<99 999 hab.),0.27972477752938524,0.38807275425350374,0.0519697100531381,0.853462110014553,0.2740954307795036,0.4353738028472352,0.013954743305624857,0.2780697044604088,0.6429528256896916,0.35704717431030786,0.9307879870972389,0.06921201290276079,0.6115501975264296,0.38844980247357047,0.3727179858464293,0.4651085830915151,0.16217343106205565,0.7266736039401206,0.2665596408997884,0.1468689348187022,0.27368668936883184,0.4300116731122569,0.572017495499827,0.4279825045001735,0.7635815563783042,0.14203182021125535,0.09438662341044059,0.7420665929855582,0.2579334070144416,0.8281478387320191,0.17185216126798022,0.5433437513924056,0.2564635982334879,0.20019265037410663,0.8792486203471822,0.12075137965281824,0.0,0.5140897772191613,0.485910222780839,0.6503689625431327,0.34963103745686713,0.32049754097739663,0.6795024590226032,0.6553666193390145,0.34463338066098576,0.8009591429568178,0.19904085704318258,0.07990608946533773,0.9200939105346628,0.7037663272784919,0.2962336727215086,0.8917057362829287,0.10829426371707146,3.377955103070326,0.25083748606282,0.22085704109703214,0.1991790432195307,0.33683365168662366
4,CP_TUU,Type d'agglomération,Grande agglomération(>100 000 hab.),0.31886856750259857,0.3867705344623531,0.07243773908088286,0.8276702781397461,0.30787973829429954,0.4148108722126058,0.006973954557175633,0.2736068317085002,0.6670756943871092,0.33292430561289105,0.943731466642769,0.05626853335723062,0.6092377981087419,0.3907622018912583,0.5090602460977586,0.25177695517293563,0.23916279872930565,0.7709068096057545,0.2558652206848259,0.179232419721031,0.26888817535674586,0.5078952592084021,0.6092792930585319,0.3907207069414684,0.7704771732556598,0.13127042625290078,0.09825240049143892,0.7255762204530899,0.2744237795469101,0.8258581550431695,0.17414184495683047,0.5298077212125993,0.25582822559475416,0.21436405319264612,0.8713709471585956,0.1286290528414047,0.0,0.5049528943929744,0.49504710560702564,0.7674772679752812,0.2325227320247189,0.2976920092617613,0.7023079907382392,0.7071345365669651,0.29286546343303466,0.7921612750136587,0.20783872498634107,0.08064616335959623,0.9193538366404042,0.709921962285061,0.29007803771493873,0.8975529416749993,0.10244705832500066,2.5926515549571514,0.26170464569038204,0.2017553474216963,0.19809680229849125,0.34922472264195
5,CP_TUU,Type d'agglomération,Agglomération de Paris,0.37193152843491023,0.3749969680608561,0.07130259284969677,0.8207581506910955,0.3249264247715846,0.40616009875265086,0.007588910239073056,0.26311098996468074,0.6390051452173533,0.3609948547826466,0.9321174394859971,0.06788256051400283,0.6003318741029804,0.39966812589701944,0.48305208308909425,0.14090301509935413,0.37604490181155137,0.7803451568872448,0.22205842135375203,0.1822940663015356,0.2930334872970448,0.4959050943682843,0.5809857411385678,0.41901425886143184,0.7172346694026998,0.16251764836466656,0.1202476822326336,0.6941817881204343,0.30581821187956537,0.7931250941108919,0.20687490588910779,0.5084277982422055,0.2829316458248845,0.20864055593290978,0.8481483066407558,0.15185169335924367,0.0,0.4892451652476826,0.5107548347523175,0.7481592725935617,0.25184072740643887,0.3205807278191689,0.6794192721808304,0.7141721624722662,0.28582783752773355,0.7973909666193368,0.20260903338066288,0.07722027581690917,0.9227797241830907,0.7044760153106066,0.29552398468939317,0.9066611142576828,0.09333888574231745,4.141396382420243,0.2528890728320806,0.19098941034372593,0.19781418651267152,0.35968530155640777
